product_desc,price,image,link
Gold Kundan Green Beaded Dangler Earrings,700.00,https://img.faballey.com/Images/Product/ZEA00484/1.jpg,https://www.houseofindya.com/gold-kundan-green-beaded-dangler-earrings-22/iprdt
Gold Kundan Red Stone Chandbali Earrings,700.00,https://img.faballey.com/Images/Product/ZEA00486/1.jpg,https://www.houseofindya.com/gold-kundan-red-stone-chandbali-earrings-22/iprdt
Gold Crystal Studded Bangle Set,1300.00,https://img.faballey.com/Images/Product/ZBR00075/1.jpg,https://www.houseofindya.com/gold-crystal-studded-bangle-set-27/iprdt
Antique Silver Tribal Hoop Earrings,650.00,https://img.faballey.com/Images/Product/ZEA00295/1.jpg,https://www.houseofindya.com/antique-silver-tribal-hoop-earrings-22/iprdt
Gold Red Kundan Beaded Dangler Earrings,475.00,https://img.faballey.com/Images/Product/ZEA00488/1.jpg,https://www.houseofindya.com/gold-red-kundan-beaded-dangler-earrings-22/iprdt
Gold Crystal Bangle Set of 4,1475.00,https://img.faballey.com/Images/Product/ZBR00079/1.jpg,https://www.houseofindya.com/gold-traditional-crystal-bangle-set-27/iprdt
Gold Red Enamel Pearl Stud Earrings,350.00,https://img.faballey.com/Images/Product/ZEA00451/1.jpg,https://www.houseofindya.com/red-enamel-and-pearl-studs-22/iprdt
Gold Kundan Floral Drop Dangler Earrings,600.00,https://img.faballey.com/Images/Product/ZEA00480/1.jpg,https://www.houseofindya.com/gold-kundan-floral-drop-dangler-earrings-22/iprdt
Gold Black Round Stone Cuff Bracelet,700.00,https://img.faballey.com/Images/Product/ZBR00061/1.jpg,https://www.houseofindya.com/gold-black-round-stone-cuff-bracelet-27/iprdt
Gold Green Kundan Bead Dangler Earrings,975.00,https://img.faballey.com/Images/Product/ZEA00468/1.jpg,https://www.houseofindya.com/gold-green-kundan-bead-dangler-earrings-22/iprdt
Gold Pearl Drop Stud Earrings Set of 3,700.00,https://img.faballey.com/Images/Product/ZEA00440/1.jpg,https://www.houseofindya.com/gold-pearl-drop-stud-earrings-set-of-3-22/iprdt
Silver Crystal Rectangle Drop Earrings,900.00,https://img.faballey.com/Images/Product/ZEA00476/1.jpg,https://www.houseofindya.com/silver-crystal-rectangle-drop-earrings-22/iprdt
Gold Blue Enamel Jhumka Earrings,550.00,https://img.faballey.com/Images/Product/ZEA00443/1.jpg,https://www.houseofindya.com/kundan-jhumka-with--golden-kundan-jhumka-22/iprdt
Gold Crystal Double Drop Earrings,975.00,https://img.faballey.com/Images/Product/ZEA00477/1.jpg,https://www.houseofindya.com/gold-crystal-double-drop-earrings-22/iprdt
Gold Kundan Floral Stud Pearl Drop Dangler Earrings,625.00,https://img.faballey.com/Images/Product/ZEA00482/1.jpg,https://www.houseofindya.com/gold-kundan-floral-stud-pearl-drop-dangler-earrings-22/iprdt
Silver Falling Drop Oxidized Bangle Set,700.00,https://img.faballey.com/Images/Product/ZBR00055/1.jpg,https://www.houseofindya.com/silver-falling-drop-oxidized-bangle-set-27/iprdt
Gold White Crystal Orb Bangle Set,1300.00,https://img.faballey.com/Images/Product/ZBR00076/1.jpg,https://www.houseofindya.com/gold-white-crystal-orb-bangle-set-27/iprdt
Gold Maroon Kundan Floral Beaded Maang Tikka,650.00,https://img.faballey.com/Images/Product/ZMT00039/1.jpg,https://www.houseofindya.com/gold-maroon-kundan-floral-beaded-maang-tikka-22/iprdt
Blush Pink Crystal Bangle Set,1350.00,https://img.faballey.com/Images/Product/ZBR00078/1.jpg,https://www.houseofindya.com/blush-pink-crystal-bangle-set-27/iprdt
Silver Crystal Pearl Circular Stud Earrings,1100.00,https://img.faballey.com/Images/Product/ZEA00478/1.jpg,https://www.houseofindya.com/silver-crystal-pearl-circular-stud-earrings-22/iprdt
Gold Green Disc Drop Hammered Dangler Earrings,575.00,https://img.faballey.com/Images/Product/ZEA00433/1.jpg,https://www.houseofindya.com/gold-green-disc-drop-hammered-dangler-earrings-22/iprdt
Gold Green Enamel Kundan Jhumka Earrings,600.00,https://img.faballey.com/Images/Product/ZEA00449/1.jpg,https://www.houseofindya.com/kundan-and-enamel-jhumka-with-pearl-22/iprdt
Gold Green Floral Chain Dangler Earrings,950.00,https://img.faballey.com/Images/Product/ZEA00465/1.jpg,https://www.houseofindya.com/gold-green-floral-chain-dangler-earrings-22/iprdt
Gold Green Kundan Beaded Bracelet,900.00,https://img.faballey.com/Images/Product/ZBR00069/1.jpg,https://www.houseofindya.com/gold-green-kundan-beaded-bracelet-22/iprdt
Gold Pearl Studded Bangle Set,1250.00,https://img.faballey.com/Images/Product/ZBR00074/1.jpg,https://www.houseofindya.com/gold-pearl-studded-bangle-set-27/iprdt
Gold Blue Kundan Meena Chandbali Earrings,550.00,https://img.faballey.com/Images/Product/ZEA00455/1.jpg,https://www.houseofindya.com/kundan-chaandbali-with-blue-meena-and-pearl-22/iprdt
Mint Green Crystal Bangle Set,1300.00,https://img.faballey.com/Images/Product/ZBR00077/1.jpg,https://www.houseofindya.com/mint-green-crystal-bangle-set-27/iprdt
Gold Blue Textured Disc Stud Earrings,550.00,https://img.faballey.com/Images/Product/ZEA00275/1.jpg,https://www.houseofindya.com/gold-blue-textured-disc-stud-earrings-22/iprdt
Gold Maroon Kundan Seed Bead Chand Maang Tika,600.00,https://img.faballey.com/Images/Product/ZMT00041/1.jpg,https://www.houseofindya.com/gold-maroon-kundan-seed-bead-chand-maang-tika-22/iprdt
Gold Crystal Pearl Circular Stud Earrings,1100.00,https://img.faballey.com/Images/Product/ZEA00479/1.jpg,https://www.houseofindya.com/gold-crystal-pearl-circular-stud-earrings-22/iprdt
Gold Red Kundan Drop Bead Dangler Earrings,800.00,https://img.faballey.com/Images/Product/ZEA00431/1.jpg,https://www.houseofindya.com/gold-red-kundan-drop-bead-dangler-earrings-22/iprdt
Gold Black Drop Tiered Dangler Earrings,550.00,https://img.faballey.com/Images/Product/ZEA00436/1.jpg,https://www.houseofindya.com/gold-black-drop-tiered-dangler-earrings-22/iprdt
Gold Silver Hoop Earrings Set of 3,700.00,https://img.faballey.com/Images/Product/ZEA00337/1.jpg,https://www.houseofindya.com/2golden-and-1-silver-hoop-in-combo-22/iprdt
Gold Chain Half Circle Dangler Earrings,325.00,https://img.faballey.com/Images/Product/ZEA00394/1.jpg,https://www.houseofindya.com/gold-chain-half-circle-dangler-earrings-22/iprdt
Gold Multishape Hoop Earrings Set of 3,650.00,https://img.faballey.com/Images/Product/ZEA00338/1.jpg,https://www.houseofindya.com/3-golden-hoops-in-combo-22/iprdt
Gold Kundan Red Beads Chandbali Earrings,725.00,https://img.faballey.com/Images/Product/ZEA00470/1.jpg,https://www.houseofindya.com/kundan-mini-chaandbali-with-maroon-beads-22/iprdt
Gold Kundan Crescent Jhumki Earrings,1000.00,https://img.faballey.com/Images/Product/ZEA00305/1.jpg,https://www.houseofindya.com/gold-kundan-crescent-jhumki-earrings-22/iprdt
Gold Kundan Crystal Jhumki Earrings,700.00,https://img.faballey.com/Images/Product/ZEA00349/1.jpg,https://www.houseofindya.com/gold-kundan-crystal-jhumki-earrings-22/iprdt
Gold Textured Tie Wire Hoop Earrings,400.00,https://img.faballey.com/Images/Product/ZEA00375/1.jpg,https://www.houseofindya.com/textured-and-tiedwire-golden-hoop-22/iprdt
Gold D-Shaped Pearl Closure Hoop Earrings,550.00,https://img.faballey.com/Images/Product/ZEA00400/1.jpg,https://www.houseofindya.com/gold-d-shaped-pearl-closure-hoop-earrings-22/iprdt
Gold Red Triangular Tasselled Dangler Earrings,450.00,https://img.faballey.com/Images/Product/ZEA00435/1.jpg,https://www.houseofindya.com/gold-red-triangular-tasselled-dangler-earrings-22/iprdt
Gold Kundan Green Drop Jhumka Earrings,925.00,https://img.faballey.com/Images/Product/ZEA00300/1.jpg,https://www.houseofindya.com/gold-kundan-green-drop-jhumka-earrings-22/iprdt
Silver Gold Sleek Hoop Earrings Set of 3,700.00,https://img.faballey.com/Images/Product/ZEA00339/1.jpg,https://www.houseofindya.com/1-golden-and-2-silver-hoops-in-combo-22/iprdt
Gold Dark Blue Kundan Meena Dangler Earrings,925.00,https://img.faballey.com/Images/Product/ZEA00350/1.jpg,https://www.houseofindya.com/dark-blue-enamel-kundan-dangler-22/iprdt
Gold Kundan Green Beads Chandbali Earrings,725.00,https://img.faballey.com/Images/Product/ZEA00469/1.jpg,https://www.houseofindya.com/mini-chaandbali-with-pastel-green-beads-22/iprdt
Gold Pearl Cluster Drop Dangler Earrings,250.00,https://img.faballey.com/Images/Product/ZEA00437/1.jpg,https://www.houseofindya.com/gold-pearl-cluster-drop-dangler-earrings-22/iprdt
Gold Pink Kundan Meena Dangler Earrings,925.00,https://img.faballey.com/Images/Product/ZEA00351/1.jpg,https://www.houseofindya.com/darkpink--enamel-kundan-dangler-22/iprdt
Gold Green Kundan Meena Dangler Earrings,925.00,https://img.faballey.com/Images/Product/ZEA00352/1.jpg,https://www.houseofindya.com/green-enamel-kundan-dangler-22/iprdt
Gold Horseshoe Pearl Stud Earrings,350.00,https://img.faballey.com/Images/Product//1.jpg,https://www.houseofindya.com/gold-horseshoe-pearl-stud-earrings-22/iprdt
Gold Kundan Necklace With Green Beads,700.00,https://img.faballey.com/Images/Product//1.jpg,https://www.houseofindya.com/gold-kundan-necklace-with-green-beads-23/iprdt
Gold Kundan Dual Flower Dangler Earrings,425.00,https://img.faballey.com/Images/Product//1.jpg,https://www.houseofindya.com/gold-kundan-dual-flower-dangler-earrings-22/iprdt
Gold Kundan Delicate Drop Matha Patti,700.00,https://img.faballey.com/Images/Product//1.jpg,https://www.houseofindya.com/gold-kundan-delicate-drop-matha-patti-32/iprdt
Gold Black Boomerang Stud Earrings,450.00,https://img.faballey.com/Images/Product//1.jpg,https://www.houseofindya.com/gold-black-boomerang-stud-earrings-22/iprdt
Silver Drop Circle Stud Earrings,650.00,https://img.faballey.com/Images/Product//1.jpg,https://www.houseofindya.com/silver-drop-circle-stud-earrings-22/iprdt
Green Bead Kundan Earring Necklace Set,1750.00,https://img.faballey.com/Images/Product//1.jpg,https://www.houseofindya.com/green-bead-kundan-earring-necklace-set-290/iprdt
Multi Gold Kundan Red Meena Beaded Earring Necklace Set,1750.00,https://img.faballey.com/Images/Product//1.jpg,https://www.houseofindya.com/multi-gold-kundan-red-meena-beaded-earring-necklace-set-290/iprdt
Gold Bead Cluster Earring Neckace Set,1800.00,https://img.faballey.com/Images/Product//1.jpg,https://www.houseofindya.com/gold-bead-cluster-earring-neckace-set-290/iprdt
Gold White Pearl Hoop Earrings,425.00,https://img.faballey.com/Images/Product//1.jpg,https://www.houseofindya.com/gold-white-druzy-stone-hoop-earrings-22/iprdt
Gold Rose Quartz Bracelet,700.00,https://img.faballey.com/Images/Product//1.jpg,https://www.houseofindya.com/gold-rose-quartz-druzy-bracelet-27/iprdt
Gold Satin Finish Horseshoe Dangler Earrings,650.00,https://img.faballey.com/Images/Product//1.jpg,https://www.houseofindya.com/gold-satin-finish-horseshoe-dangler-earrings-22/iprdt
Gold Green Stone Dangler Earrings,675.00,https://img.faballey.com/Images/Product//1.jpg,https://www.houseofindya.com/gold-green-stone-dangler-earrings-22/iprdt
Gold Honey Comb Hoop Earrings,575.00,https://img.faballey.com/Images/Product//1.jpg,https://www.houseofindya.com/gold-honey-comb-hoop-earrings-22/iprdt
Silver Flora Embossed Dangler Earrings,650.00,https://img.faballey.com/Images/Product//1.jpg,https://www.houseofindya.com/silver-flora-embossed-dangler-earrings-22/iprdt
Rose Gold White Diamond Bracelet,975.00,https://img.faballey.com/Images/Product//1.jpg,https://www.houseofindya.com/rose-gold-white-diamond-bracelet-27/iprdt
Silver Vine Jaal Dangler Earrings,275.00,https://img.faballey.com/Images/Product//1.jpg,https://www.houseofindya.com/silver-vine-jaal-dangler-earrings-22/iprdt
Gold Red Kundan Meena Chandbali Earrings,425.00,https://img.faballey.com/Images/Product//1.jpg,https://www.houseofindya.com/gold-red-kundan-meena-chandbali-earrings-22/iprdt
Silver Botanical Oxidised Hoop Earrings,350.00,https://img.faballey.com/Images/Product//1.jpg,https://www.houseofindya.com/silver-botanical-oxidised-hoop-earrings-22/iprdt
Silver Daana Tribal Disc Oxidised Earrings,450.00,https://img.faballey.com/Images/Product//1.jpg,https://www.houseofindya.com/silver-daana-tribal-disc-oxidised-earrings-22/iprdt
White Pearl Drop Diamond Danger Earrings,1200.00,https://img.faballey.com/Images/Product//1.jpg,https://www.houseofindya.com/white-pearl-drop-diamond-danger-earrings-22/iprdt
White Silver Diamond Dangler Earrings,1200.00,https://img.faballey.com/Images/Product//1.jpg,https://www.houseofindya.com/white-silver-diamond-dangler-earrings-22/iprdt
Black Druzy Pearl Stud Earrings,800.00,https://img.faballey.com/Images/Product//1.jpg,https://www.houseofindya.com/black-druzy-pearl-stud-earrings-22/iprdt
Silver Abstract Oxidised Dangler Earrings,300.00,https://img.faballey.com/Images/Product//1.jpg,https://www.houseofindya.com/silver-abstract-oxidised-dangler-earrings-22/iprdt
Silver Crescent Oxidised Hoop Earrings,350.00,https://img.faballey.com/Images/Product//1.jpg,https://www.houseofindya.com/silver-crescent-oxidised-hoop-earrings-22/iprdt
Silver Engraved Oxidised Hoop Earrings,300.00,https://img.faballey.com/Images/Product//1.jpg,https://www.houseofindya.com/silver-engraved-oxidised-hoop-earrings-22/iprdt
Silver Rose Quartz Beaded Oxidised Earrings,300.00,https://img.faballey.com/Images/Product//1.jpg,https://www.houseofindya.com/silver-rose-quartz-beaded-oxidised-earrings-22/iprdt
Silver Embossed Oxidised Hoop Earrings,300.00,https://img.faballey.com/Images/Product//1.jpg,https://www.houseofindya.com/silver-embossed-oxidised-hoop-earrings-22/iprdt
Green Enamal Kundan Petal Earring Necklace Set,1750.00,https://img.faballey.com/Images/Product//1.jpg,https://www.houseofindya.com/green-enamal-kundan-petal-earring-necklace-set-290/iprdt
Gold Grey Stone Dangler Earrings,550.00,https://img.faballey.com/Images/Product//1.jpg,https://www.houseofindya.com/gold-grey-stone-dangler-earrings-22/iprdt
White Diamond Cocktail Dangler Earrings,1050.00,https://img.faballey.com/Images/Product//1.jpg,https://www.houseofindya.com/white-diamond-cocktail-dangler-earrings-22/iprdt
Gold Kundan Meena Green Bead Stud Earrings,975.00,https://img.faballey.com/Images/Product//1.jpg,https://www.houseofindya.com/gold-kundan-meena-green-bead-stud-earrings-22/iprdt
White Diamond Hoop Earrings,1150.00,https://img.faballey.com/Images/Product//1.jpg,https://www.houseofindya.com/white-diamond-hoop-earrings-22/iprdt
Gold Kundan Red Bead Chandbali Maang Tika,1050.00,https://img.faballey.com/Images/Product//1.jpg,https://www.houseofindya.com/gold-kundan-red-bead-chandbali-maang-tika-32/iprdt
Gold Green Kundan Crescent Dangler Earrings,375.00,https://img.faballey.com/Images/Product//1.jpg,https://www.houseofindya.com/gold-green-kundan-crescent-dangler-earrings-22/iprdt
Gold White Kundan Maang Tika,1600.00,https://img.faballey.com/Images/Product//1.jpg,https://www.houseofindya.com/gold-white-kundan-maang-tika-32/iprdt
Gold Kundan Red White Bead Earrimg Necklace Set,1750.00,https://img.faballey.com/Images/Product//1.jpg,https://www.houseofindya.com/gold-kundan-red-white-bead-earrimg-necklace-set-290/iprdt
Gold White Circle Kundan Beaded Drop Bracelet,1050.00,https://img.faballey.com/Images/Product//1.jpg,https://www.houseofindya.com/gold-white-circle-kundan-beaded-drop-bracelet-27/iprdt
Gold Kundan Single Orb Earring Necklace Set,2900.00,https://img.faballey.com/Images/Product//1.jpg,https://www.houseofindya.com/gold-kundan-single-orb-earring-necklace-set-290/iprdt
Gold Kundan Pearl Drop Earring  Necklace Set,2375.00,https://img.faballey.com/Images/Product//1.jpg,https://www.houseofindya.com/gold-kundan-pearl-drop-earring--necklace-set-290/iprdt
Gold Pearl Bead Bangle Set,1050.00,https://img.faballey.com/Images/Product//1.jpg,https://www.houseofindya.com/gold-pearl-bead-bangle-set-27/iprdt
Silver Textured Pear Dangler Earrings,250.00,https://img.faballey.com/Images/Product//1.jpg,https://www.houseofindya.com/silver-textured-pear-dangler-earrings-22/iprdt
Gold Kundan Pearl Drop Earring Necklace Set,1750.00,https://img.faballey.com/Images/Product//1.jpg,https://www.houseofindya.com/gold-kundan-pearl-drop-earring-necklace-set-290/iprdt
Gold White Diamond Bangle Set,1050.00,https://img.faballey.com/Images/Product//1.jpg,https://www.houseofindya.com/gold-white-diamond-bangle-set-27/iprdt
Gold Red Crescent Kundan Passa,1100.00,https://img.faballey.com/Images/Product//1.jpg,https://www.houseofindya.com/gold-red-crescent-kundan-passa-32/iprdt
Red White Petal Kundan String Hathphool,550.00,https://img.faballey.com/Images/Product//1.jpg,https://www.houseofindya.com/red-white-petal-kundan-string-hathphool-27/iprdt
Silver Filigree Green Stone Oxidised Earrings,450.00,https://img.faballey.com/Images/Product//1.jpg,https://www.houseofindya.com/silver-filigree-green-stone-oxidised-earrings-22/iprdt
Gold Glossy Cluster Dangler Earrings,625.00,https://img.faballey.com/Images/Product//1.jpg,https://www.houseofindya.com/gold-glossy-cluster-dangler-earrings-22/iprdt
Gold Circular Bunch Earrings,600.00,https://img.faballey.com/Images/Product//1.jpg,https://www.houseofindya.com/gold-circular-bunch-earrings-22/iprdt
Gold Multicolour Stone Circle Vine Earrings,600.00,https://img.faballey.com/Images/Product//1.jpg,https://www.houseofindya.com/gold-multicolour-stone-circle-vine-earrings-22/iprdt
Dual Toned Oxidized Triangular Earrings Necklace Set,1900.00,https://img.faballey.com/Images/Product//1.jpg,https://www.houseofindya.com/dual-toned-oxidized-triangular-earrings-necklace-set-290/iprdt
Gold Red Kundan Beaded Hathphool,600.00,https://img.faballey.com/Images/Product//1.jpg,https://www.houseofindya.com/gold-red-kundan-beaded-hathphool-27/iprdt
Dual Toned Green Stone Oxidised Jhumka Earrings,800.00,https://img.faballey.com/Images/Product//1.jpg,https://www.houseofindya.com/dual-toned-green-stone-oxidised-jhumka-earrings-22/iprdt
White Red Stone Drop Diamond Dangler Earrings,1250.00,https://img.faballey.com/Images/Product/ZEA00225/1.jpg,https://www.houseofindya.com/white-red-stone-drop-diamond-dangler-earrings-22/iprdt
Gold Beaded Cluster Spike Dangler Earrings,925.00,https://img.faballey.com/Images/Product/ZEA00035/1.jpg,https://www.houseofindya.com/gold-beaded-cluster-spike-dangler-earrings-22/iprdt
Silver Floral Motif Oxidised Dangler Earrings,300.00,https://img.faballey.com/Images/Product/ZEA00163/1.jpg,https://www.houseofindya.com/silver-floral-motif-oxidised-dangler-earrings-22/iprdt
Silver Daana Embossed Pear Oxidised Earrings,300.00,https://img.faballey.com/Images/Product/ZEA00184/1.jpg,https://www.houseofindya.com/silver-daana-embossed-pear-oxidised-earrings-22/iprdt
Silver Iridescent Oxidised Dangler Earrings,900.00,https://img.faballey.com/Images/Product/ZEA00195/1.jpg,https://www.houseofindya.com/silver-iridescent-oxidised-dangler-earrings-22/iprdt
Gold Stacked Pendant Necklace with Black Drop,550.00,https://img.faballey.com/Images/Product/ZNE00008/1.jpg,https://www.houseofindya.com/gold-stacked-pendant-necklace-with-black-drop-23/iprdt
White  Chandelier Diamond Earrings,1150.00,https://img.faballey.com/Images/Product/ZEA00055/1.jpg,https://www.houseofindya.com/white--chandelier-diamond-earrings-22/iprdt
Gold Kundan Pearl Drop Leaf Earrings,1050.00,https://img.faballey.com/Images/Product/ZEA00255/1.jpg,https://www.houseofindya.com/gold-kundan-pearl-drop-leaf-earrings-22/iprdt
Gold Brown Oval Dangler Earrings,550.00,https://img.faballey.com/Images/Product/ZEA00185/1.jpg,https://www.houseofindya.com/gold-brown-oval-dangler-earrings-22/iprdt
White Green Drop Diamond Dangler Earrings,950.00,https://img.faballey.com/Images/Product/ZEA00046/1.jpg,https://www.houseofindya.com/white-green-drop-diamond-dangler-earrings-22/iprdt
Gold Pearl Jadau Dangler Earrings,1200.00,https://img.faballey.com/Images/Product/ZEA00246/1.jpg,https://www.houseofindya.com/gold-pearl-jadau-dangler-earrings-22/iprdt
Silver Metallic Tassel Oxidised Dangler Earrings,250.00,https://img.faballey.com/Images/Product/ZEA00173/1.jpg,https://www.houseofindya.com/silver-metallic-tassel-oxidised-dangler-earrings-22/iprdt
Dual Toned Coined Oxidised Earrings,900.00,https://img.faballey.com/Images/Product/ZEA00160/1.jpg,https://www.houseofindya.com/dual-toned-coined-oxidised-earrings-22/iprdt
Gold Green Kundan Meena Bracelet,1300.00,https://img.faballey.com/Images/Product/ZBR00044/1.jpg,https://www.houseofindya.com/gold-green-kundan-meena-bracelet-27/iprdt
Silver Hammered Plate Oxidised Hoop Earrings,350.00,https://img.faballey.com/Images/Product/ZEA00179/1.jpg,https://www.houseofindya.com/silver-hammered-plate-oxidised-hoop-earrings-22/iprdt
Silver Gravel Oxidised Dangler Earrings,250.00,https://img.faballey.com/Images/Product/ZEA00181/1.jpg,https://www.houseofindya.com/silver-gravel-oxidised-dangler-earrings-22/iprdt
Green Meena Kundan Maang Tika,900.00,https://img.faballey.com/Images/Product/ZMT00006/1.jpg,https://www.houseofindya.com/green-meena-kundan-maang-tika-32/iprdt
Gold Kundan Green Bead Floral Maang Tika,975.00,https://img.faballey.com/Images/Product/ZMT00009/1.jpg,https://www.houseofindya.com/gold-kundan-green-bead-floral-maang-tika-32/iprdt
Gold White Square Kundan Beaded Drop Bracelet,1050.00,https://img.faballey.com/Images/Product/ZBR00042/1.jpg,https://www.houseofindya.com/gold-white-square-kundan-beaded-drop-bracelet-27/iprdt
White Blue Diamond Earring Pendant Necklace Set,2625.00,https://img.faballey.com/Images/Product/ZNS00011/1.jpg,https://www.houseofindya.com/white-blue-diamond-earring-pendant-necklace-set-290/iprdt
Gold Blue Kundan Meena Petal Drop Earrings,550.00,https://img.faballey.com/Images/Product/ZEA00079/1.jpg,https://www.houseofindya.com/gold-blue-kundan-meena-petal-drop-earrings-22/iprdt
Gold Kundan Earring Pearl String Pendant Necklace Set,1500.00,https://img.faballey.com/Images/Product/ZNS00008/1.jpg,https://www.houseofindya.com/gold-kundan-earring-pearl-string-pendant-necklace-set-290/iprdt
Silver Black Arrow Drop Gypsy Oxidised Earrings,250.00,https://img.faballey.com/Images/Product/ZEA00177/1.jpg,https://www.houseofindya.com/silver-black-arrow-drop-gypsy-oxidised-earrings-22/iprdt
Gold Kundan Tukdi Earring Necklace Set,2500.00,https://img.faballey.com/Images/Product/ZNS00007/1.jpg,https://www.houseofindya.com/gold-kundan-tukdi-earring-necklace-set-290/iprdt
Silver Leaf Textured Oxidized Cuff Bracelet,475.00,https://img.faballey.com/Images/Product/ZBR00029/1.jpg,https://www.houseofindya.com/silver-leaf-textured-oxidized-cuff-bracelet-27/iprdt
Green Meena Kundan Chandbali Maang Tika,1400.00,https://img.faballey.com/Images/Product/ZMT00010/1.jpg,https://www.houseofindya.com/green-meena-kundan-chandbali-maang-tika-32/iprdt
Silver Black Circular Gypsy Oxidised  Earrings,250.00,https://img.faballey.com/Images/Product/ZEA00174/1.jpg,https://www.houseofindya.com/silver-black-circular-gypsy-oxidised--earrings-22/iprdt
Gold Green Kundan Bead Drop Earring Necklace Set,3750.00,https://img.faballey.com/Images/Product/ZNS00018/1.jpg,https://www.houseofindya.com/gold-green-kundan-bead-drop-earring-necklace-set-290/iprdt
Gold Kundan Pearl Bracelet,1050.00,https://img.faballey.com/Images/Product/ZBR00039/1.jpg,https://www.houseofindya.com/gold-kundan-pearl-bracelet-27/iprdt
Silver Weave Oxidised Dangler Earrings,250.00,https://img.faballey.com/Images/Product/ZEA00180/1.jpg,https://www.houseofindya.com/silver-weave-oxidised-dangler-earrings-22/iprdt
Gold Kundan Lotus Maang Tika,1700.00,https://img.faballey.com/Images/Product/ZMT00011/1.jpg,https://www.houseofindya.com/gold-kundan-lotus-maang-tika-32/iprdt
Gold Kundan Drop Cascade Maang Tika,1100.00,https://img.faballey.com/Images/Product/ZMT00014/1.jpg,https://www.houseofindya.com/gold-kundan-drop-cascade-maang-tika-32/iprdt
Gold Kundan Cascade Earring Necklace Set,2250.00,https://img.faballey.com/Images/Product/ZNS00039/1.jpg,https://www.houseofindya.com/gold-kundan-cascade-earring-necklace-set-290/iprdt
White Crest Kundan Beaded Maang Tika,1400.00,https://img.faballey.com/Images/Product/ZMT00015/1.jpg,https://www.houseofindya.com/white-crest-kundan-beaded-maang-tika-32/iprdt
Gold Kundan Green Bead Maang Tika,800.00,https://img.faballey.com/Images/Product/ZMT00007/1.jpg,https://www.houseofindya.com/gold-kundan-green-bead-maang-tika-32/iprdt
Gold Kundan Pearl Square Bracelet,1050.00,https://img.faballey.com/Images/Product/ZBR00041/1.jpg,https://www.houseofindya.com/gold-kundan-pearl-square-bracelet-27/iprdt
Silver Intricate Tribal Oxidised Dangler Earrings,325.00,https://img.faballey.com/Images/Product/ZEA00178/1.jpg,https://www.houseofindya.com/silver-intricate-tribal-oxidised-dangler-earrings-22/iprdt
Gold Green Diamond Bangle Set,1050.00,https://img.faballey.com/Images/Product/ZBR00007/1.jpg,https://www.houseofindya.com/gold-green-diamond-bangle-set-27/iprdt
Gold Kundan Green Drop Double Orb Earring Necklace Set,2250.00,https://img.faballey.com/Images/Product/ZNS00038/1.jpg,https://www.houseofindya.com/gold-kundan-green-drop-double-orb-earrinf-necklace-set-290/iprdt
White Diamond Aqua Drop Earring Necklace Set,2450.00,https://img.faballey.com/Images/Product/ZNS00013/1.jpg,https://www.houseofindya.com/white-diamond-aqua-drop-earring-necklace-set-290/iprdt
Gold Kundan Mangtika Earring Necklace Set,3500.00,https://img.faballey.com/Images/Product/ZNS00002/1.jpg,https://www.houseofindya.com/gold-kundan-mangtika-earring-necklace-set-290/iprdt
Gold Red Kundan Bead Earring Necklace Set,1600.00,https://img.faballey.com/Images/Product/ZNS00003/1.jpg,https://www.houseofindya.com/gold-red-kundan-bead-earring-necklace-set-290/iprdt
Gold Kundan Blue Bead Earring Necklace Set,1750.00,https://img.faballey.com/Images/Product/ZNS00041/1.jpg,https://www.houseofindya.com/gold-kundan-blue-bead-earring-necklace-set-290/iprdt
Silver Arrow Motif Oxidised Dangler Earrings,250.00,https://img.faballey.com/Images/Product/ZEA00176/1.jpg,https://www.houseofindya.com/silver-arrow-motif-oxidised-dangler-earrings-22/iprdt
Gold Kundan Vine Pearl Bracelet,1050.00,https://img.faballey.com/Images/Product/ZBR00040/1.jpg,https://www.houseofindya.com/gold-kundan-vine-pearl-bracelet-27/iprdt
Gold Round Kundan Pearl Earring Necklace Set,1750.00,https://img.faballey.com/Images/Product/ZNS00035/1.jpg,https://www.houseofindya.com/gold-round-kundan-pearl-earring-necklace-set-290/iprdt
Gold White Wave Diamond Bracelet,725.00,https://img.faballey.com/Images/Product/ZBR00003/1.jpg,https://www.houseofindya.com/gold-white-wave-diamond-bracelet-27/iprdt
Gold White Linear Diamond Bracelet,650.00,https://img.faballey.com/Images/Product/ZBR00010/1.jpg,https://www.houseofindya.com/gold-white-linear-diamond-bracelet-27/iprdt
Gold Textured Contemporary Choker Necklace Set,1100.00,https://img.faballey.com/Images/Product/ZNS00070/1.jpg,https://www.houseofindya.com/gold-textured-contemporary-choker-necklace-set-23/iprdt
Gold White Kite Diamond Bangle Set,1600.00,https://img.faballey.com/Images/Product/ZBR00033/1.jpg,https://www.houseofindya.com/gold-white-kite-diamond-bangle-set-27/iprdt
Gold Black Druzy Cuff Bracelet,750.00,https://img.faballey.com/Images/Product/ZBR00062/1.jpg,https://www.houseofindya.com/gold-black-druzy-cuff-bracelet-27/iprdt
Gold Kundan Aqua Stone Floral Pendant Necklace Set,1475.00,https://img.faballey.com/Images/Product/ZNS00062/1.jpg,https://www.houseofindya.com/floral-shaped-kundan-pendant-set-with-aqua-color-stone.-23/iprdt
Gold Grey Pencil Cut Stone Dangler Earrings,700.00,https://img.faballey.com/Images/Product/ZEA00261/1.jpg,https://www.houseofindya.com/gold-grey-pencil-cut-stone-dangler-earrings-22/iprdt
Gold Hive Cuff Bracelet,600.00,https://img.faballey.com/Images/Product/ZBR00053/1.jpg,https://www.houseofindya.com/gold-hive-cuff-bracelet-27/iprdt
Antique Gold Daana Hoop Earrings,650.00,https://img.faballey.com/Images/Product/ZEA00282/1.jpg,https://www.houseofindya.com/antique-gold-daana-hoop-earrings-22/iprdt
Gold Green Kundan Floral Pendant Necklace Set,2100.00,https://img.faballey.com/Images/Product/ZNS00063/1.jpg,https://www.houseofindya.com/floral-shaped-kundan-pendant-set-with-green-color-stone.-23/iprdt
Gold Kundan Green Bead Pearl Dangler Earrings,600.00,https://img.faballey.com/Images/Product/ZEA00303/1.jpg,https://www.houseofindya.com/kundan-studded-dangler-surrounded-with-pearls.-22/iprdt
Gold Kundan Green Bead Layered Dangler Earrings,750.00,https://img.faballey.com/Images/Product/ZEA00307/1.jpg,https://www.houseofindya.com/layered-kundan-dangler-with-black-beads-and-white-pearl-22/iprdt
Gold Kundan Green Bead Bracelet,1100.00,https://img.faballey.com/Images/Product/ZBR00072/1.jpg,https://www.houseofindya.com/kundan-bracelet-with-green-beads-27/iprdt
Gold Satin Finish Cuff Bracelet,700.00,https://img.faballey.com/Images/Product/ZBR00052/1.jpg,https://www.houseofindya.com/gold-textured-cuff-bracelet-27/iprdt
Gold Turquoise Drop Hoop Dangler Earrings,675.00,https://img.faballey.com/Images/Product/ZEA00263/1.jpg,https://www.houseofindya.com/gold-turquoise-drop-hoop-dangler-earrings-22/iprdt
Silver Floral Burst Daana Oxidised Hoop Earrings,600.00,https://img.faballey.com/Images/Product/ZEA00288/1.jpg,https://www.houseofindya.com/silver-floral-burst-daana-oxidised-hoop-earrings-22/iprdt
Gold Red Kite Diamond Bangle Set,1600.00,https://img.faballey.com/Images/Product/ZBR00034/1.jpg,https://www.houseofindya.com/gold-red-kite-diamond-bangle-set-27/iprdt
Silver Textured Disc Dangler Earrings,550.00,https://img.faballey.com/Images/Product/ZEA00259/1.jpg,https://www.houseofindya.com/silver-textured-disc-dangler-earrings-22/iprdt
Gold Red Kundan Meena Sunburst Ring,600.00,https://img.faballey.com/Images/Product/ZRI00040/1.jpg,https://www.houseofindya.com/round-shaped-gold-plated-kundan-ring-with-blue-enamel-work-in-the-centre.-36/iprdt
Gold Champagne Beads Hoop Dangler Earrings,625.00,https://img.faballey.com/Images/Product/ZEA00274/1.jpg,https://www.houseofindya.com/gold-champagne-beads-hoop-dangler-earrings-22/iprdt
Gold Blue Kundan Meena Bangle Set,1600.00,https://img.faballey.com/Images/Product/ZBR00037/1.jpg,https://www.houseofindya.com/gold-blue-kundan-meena-bangle-set-27/iprdt
Gold Maroon Kundan Floral Necklace Set,2250.00,https://img.faballey.com/Images/Product/ZNS00058/1.jpg,https://www.houseofindya.com/gold-plated-single-layer-squre-and-floral-shaped-kundan-necklace-set-23/iprdt
Rose Gold Textured Hoop Earrings,550.00,https://img.faballey.com/Images/Product/ZEA00269/1.jpg,https://www.houseofindya.com/rose-gold-textured-hoop-earrings-22/iprdt
Gold Textured Circular Dangler Earrings,550.00,https://img.faballey.com/Images/Product/ZEA00260/1.jpg,https://www.houseofindya.com/gold-textured-circular-dangler-earrings-22/iprdt
White Diamond Floral Bunch Earring Necklace Set,2750.00,https://img.faballey.com/Images/Product/ZNS00032/1.jpg,https://www.houseofindya.com/white-diamond-floral-bunch-earring-necklace-set-290/iprdt
Gold Pearl Overlap Stud Earrings,475.00,https://img.faballey.com/Images/Product/ZEA00367/1.jpg,https://www.houseofindya.com/overlapping-ring-earrings-with-3pearls-22/iprdt
Gold Hammerred Cuff Bracelet,700.00,https://img.faballey.com/Images/Product/ZBR00054/1.jpg,https://www.houseofindya.com/gold-hammerred-cuff-bracelet-27/iprdt
Gold Textured Swing Dangler Earrings,650.00,https://img.faballey.com/Images/Product/ZEA00278/1.jpg,https://www.houseofindya.com/silver-textured-swing-dangler-earrings-22/iprdt
Silver Dazzler Multichain Bracelet,800.00,https://img.faballey.com/Images/Product/ZBR00066/1.jpg,https://www.houseofindya.com/silver-dazzler-multichain-bracelet-27/iprdt
Gold Textured Circular Bunch Dangler Earrings,625.00,https://img.faballey.com/Images/Product/ZEA00257/1.jpg,https://www.houseofindya.com/gold-textured-circular-bunch-dangler-earrings-22/iprdt
Gold Green Kundan Meena Circular Ring,600.00,https://img.faballey.com/Images/Product/ZRI00039/1.jpg,https://www.houseofindya.com/round-shaped-kundan-studded-ring-36/iprdt
Gold Blue Kundan Stone Bead Earrings,1050.00,https://img.faballey.com/Images/Product/ZEA00256/1.jpg,https://www.houseofindya.com/gold-blue-kundan-stone-bead-earrings-22/iprdt
Rose Gold Sleek Hoop Earrings,625.00,https://img.faballey.com/Images/Product/ZEA00285/1.jpg,https://www.houseofindya.com/rose-gold-sleek-hoop-earrings-22/iprdt
Gold White Faceted Stone Hoop Dangler Earrings,675.00,https://img.faballey.com/Images/Product/ZEA00264/1.jpg,https://www.houseofindya.com/gold-white-druzy-drop-hoop-dangler-earrings-22/iprdt
Gold White Brick Diamond Bangle Set,1600.00,https://img.faballey.com/Images/Product/ZBR00035/1.jpg,https://www.houseofindya.com/gold-white-brick-diamond-bangle-set-27/iprdt
Gold Green Pearl Jadau Beaded Dangler Earrings,900.00,https://img.faballey.com/Images/Product/ZEA00248/1.jpg,https://www.houseofindya.com/gold-green-pearl-jadau-beaded-dangler-earrings-22/iprdt
Gold Hammered Circular Pattern Dangler Earrings,650.00,https://img.faballey.com/Images/Product/ZEA00270/1.jpg,https://www.houseofindya.com/gold-hammered-circular-pattern-dangler-earrings-22/iprdt
Rose Gold Plated  Crystal Necklace Set,2450.00,https://img.faballey.com/Images/Product/ZNS00064/1.jpg,https://www.houseofindya.com/rose-gold-plated--crystal-necklace-set-23/iprdt
Gold Kundan Pearl Dangler Jhumki Earrings,600.00,https://img.faballey.com/Images/Product/ZEA00448/1.jpg,https://www.houseofindya.com/kundan-earrings-with-blue-meena-goldenn-jhumki-and-pearl-tassel-22/iprdt
Silver Cone Metallic Tassel Oxidised Dangler Earrings,250.00,https://img.faballey.com/Images/Product/ZEA00182/1.jpg,https://www.houseofindya.com/silver-cone-metallic-tassel-oxidised-dangler-earrings-22/iprdt
Gold Multistone Marquise Cuff Bracelet,750.00,https://img.faballey.com/Images/Product/ZBR00060/1.jpg,https://www.houseofindya.com/gold-multistone-marquise-cuff-bracelet-27/iprdt
Gold Kundan Pear Dainty Drop Earrings  Necklace Set,1750.00,https://img.faballey.com/Images/Product/ZNS00046/1.jpg,https://www.houseofindya.com/gold-kundan-pear-dainty-drop-earrings--necklace-set-290/iprdt
Gold Spiked Spiral Hoop Earrings,625.00,https://img.faballey.com/Images/Product/ZEA00286/1.jpg,https://www.houseofindya.com/gold-spiked-spiral-hoop-earrings-22/iprdt
Gold Kundan Green Drop Pearl Earring Necklace Set,1750.00,https://img.faballey.com/Images/Product/ZNS00047/1.jpg,https://www.houseofindya.com/gold-kundan-green-drop-pearl-earring-necklace-set-290/iprdt
Gold Kundan Square Bracelet With Green Delicate Drops,1200.00,https://img.faballey.com/Images/Product/ZBR00047/1.jpg,https://www.houseofindya.com/gold-kundan-square-bracelet-with-green-delicate-drops-27/iprdt
Gold Leaf Kundan Double Pearl Earrings Necklace Set,1750.00,https://img.faballey.com/Images/Product/ZNS00045/1.jpg,https://www.houseofindya.com/gold-leaf-kundan-double-pearl-earrings-necklace-set-290/iprdt
White Marquise Diamond Hoop Style Stud Earrings,1200.00,https://img.faballey.com/Images/Product/ZEA00232/1.jpg,https://www.houseofindya.com/white-marquise-diamond-hoop-style-stud-earrings-22/iprdt
Gold Kundan Multicolor Stone Earring Necklace Set,2000.00,https://img.faballey.com/Images/Product/ZNS00053/1.jpg,https://www.houseofindya.com/gold-kundan-multicolor-stone-earring-necklace-set-290/iprdt
Gold Red Kundan Meena Bracelet,1300.00,https://img.faballey.com/Images/Product/ZBR00045/1.jpg,https://www.houseofindya.com/gold-red-kundan-meena-bracelet-27/iprdt
Gold Kundan Multi Pearl String Earring Necklace Set,2000.00,https://img.faballey.com/Images/Product/ZNS00048/1.jpg,https://www.houseofindya.com/gold-kundan-multi-pearl-string-earring-necklace-set-290/iprdt
Gold Red Kundan Pearl Tassel Dangler Earrings,550.00,https://img.faballey.com/Images/Product//1.jpg,https://www.houseofindya.com/kundan-pearl-and-beads-tassel-earrings-22/iprdt
Gold Green Kundan Meena Bead Drop Stud Earrings,400.00,https://img.faballey.com/Images/Product//1.jpg,https://www.houseofindya.com/gold-green-kundan-meena-bead-drop-stud-earrings-22/iprdt
Gold Kundan Floral Chain Dangler Earrings,950.00,https://img.faballey.com/Images/Product//1.jpg,https://www.houseofindya.com/gold-kundan-floral-chain-dangler-earrings-22/iprdt
Silver Floral Leaf Motif Oxidised Jhumka Earrings,650.00,https://img.faballey.com/Images/Product//1.jpg,https://www.houseofindya.com/silver-floral-leaf-motif-oxidised-jhumka-earrings-22/iprdt
Gold Disc Circular Hoop Earrings,475.00,https://img.faballey.com/Images/Product//1.jpg,https://www.houseofindya.com/gold-disc-circular-hoop-earrings-22/iprdt
Gold Green Beaded Kundan Circular Dangler Earrings,650.00,https://img.faballey.com/Images/Product//1.jpg,https://www.houseofindya.com/hoopstyle-kundan-dangler-with-22/iprdt
Gold Green Kundan Passa Dangler Earrings,600.00,https://img.faballey.com/Images/Product//1.jpg,https://www.houseofindya.com/gold-green-kundan-passa-dangler-earrings-22/iprdt
Gold Grey Stone Bracelet,750.00,https://img.faballey.com/Images/Product//1.jpg,https://www.houseofindya.com/gold-grey-stone-bracelet-27/iprdt
Gold Square Contemporary Bangle,450.00,https://img.faballey.com/Images/Product//1.jpg,https://www.houseofindya.com/gold-square-contemporary-bangle-27/iprdt
Gold Textured Orb Stud Earrings,300.00,https://img.faballey.com/Images/Product//1.jpg,https://www.houseofindya.com/gold-textured-orb-stud-earrings-22/iprdt
Gold Blue Metal Tassel Dangler Earrings,825.00,https://img.faballey.com/Images/Product//1.jpg,https://www.houseofindya.com/gold-blue-metal-tassel-dangler-earrings-22/iprdt
Gold Leaf String Dangler Earrings,550.00,https://img.faballey.com/Images/Product//1.jpg,https://www.houseofindya.com/gold-leaf-string-dangler-earrings-22/iprdt
Gold Rose Pink Stone Tiered Dangler Earrings,550.00,https://img.faballey.com/Images/Product//1.jpg,https://www.houseofindya.com/gold-rose-pink-stone-tiered-dangler-earrings-22/iprdt
Gold Red Round Stud Earrings,550.00,https://img.faballey.com/Images/Product//1.jpg,https://www.houseofindya.com/gold-red-round-stud-earrings-22/iprdt
Gold Kundan Beaded Pearl Chandbali Earrings,1050.00,https://img.faballey.com/Images/Product//1.jpg,https://www.houseofindya.com/gold-kundan-beaded-pearl-chandbali-earrings-22/iprdt
Gold White Bead Jhumki Earrings,650.00,https://img.faballey.com/Images/Product//1.jpg,https://www.houseofindya.com/gold-white-bead-jhumki-earrings-22/iprdt
Gold Tie Wire Hoop Earrings,550.00,https://img.faballey.com/Images/Product//1.jpg,https://www.houseofindya.com/gold-tie-wire-hoop-earrings-22/iprdt
Gold Textured Hoop Earrings Set of 3,625.00,https://img.faballey.com/Images/Product//1.jpg,https://www.houseofindya.com/golden-hoops-in-combo-22/iprdt
Gold Bar Drops Dangler Earrings,900.00,https://img.faballey.com/Images/Product//1.jpg,https://www.houseofindya.com/gold-bar-drops-dangler-earrings-22/iprdt
Gold Kundan Blue Drop Dangler Earrings,750.00,https://img.faballey.com/Images/Product//1.jpg,https://www.houseofindya.com/gold-kundan-blue-drop-dangler-earrings-22/iprdt
Gold Pastel Blue Metal Drops Dangler Earrings,600.00,https://img.faballey.com/Images/Product//1.jpg,https://www.houseofindya.com/gold-pastel-blue-metal-drops-dangler-earrings-22/iprdt
Gold Handmade Starburst Stud Earrings,475.00,https://img.faballey.com/Images/Product//1.jpg,https://www.houseofindya.com/gold-handmade-starburst-stud-earrings-22/iprdt
Gold Green Jhumka Earrings,850.00,https://img.faballey.com/Images/Product//1.jpg,https://www.houseofindya.com/gold-green-jhumka-earrings-22/iprdt
Gold Black Floral Metallic Tassel Dangler Earrings,800.00,https://img.faballey.com/Images/Product//1.jpg,https://www.houseofindya.com/gold-black-floral-metallic-tassel-dangler-earrings-22/iprdt
Gold Kundan Green Bead Stud Earrings,750.00,https://img.faballey.com/Images/Product//1.jpg,https://www.houseofindya.com/gold-kundan-green-bead-stud-earrings-22/iprdt
Gold Brown Dangler Earrings with attached Ear Chain,725.00,https://img.faballey.com/Images/Product//1.jpg,https://www.houseofindya.com/gold-brown-dangler-earrings-with-attached-ear-chain-22/iprdt
Silver Drop Hoop Earrings Set of 3,475.00,https://img.faballey.com/Images/Product//1.jpg,https://www.houseofindya.com/3-silver-hoops-in-combo-22/iprdt
Gold Half Moon Stud Earrings,475.00,https://img.faballey.com/Images/Product//1.jpg,https://www.houseofindya.com/gold-half-moon-stud-earrings-22/iprdt
Gold Green Druzy Jhumki Earrings,600.00,https://img.faballey.com/Images/Product//1.jpg,https://www.houseofindya.com/gold-green-druzy-jhumki-earrings-22/iprdt
Gold Kundan Pearl Drop Floral Dangler Earrings,975.00,https://img.faballey.com/Images/Product//1.jpg,https://www.houseofindya.com/gold-kundan-pearl-drop-floral-dangler-earrings-22/iprdt
Gold Hoop Earrings Set of 4,550.00,https://img.faballey.com/Images/Product//1.jpg,https://www.houseofindya.com/4-golden-mini-hoop-combo-22/iprdt
Silver Hoop Earrings Set of 3,550.00,https://img.faballey.com/Images/Product//1.jpg,https://www.houseofindya.com/silver-hoop-combo-22/iprdt
Gold Blue Semi Hoop Earrings,550.00,https://img.faballey.com/Images/Product//1.jpg,https://www.houseofindya.com/gold-blue-semi-hoop-earrings-22/iprdt
Gold Handmade Brick Cluster Stud Earrings,750.00,https://img.faballey.com/Images/Product//1.jpg,https://www.houseofindya.com/gold-handmade-brick-cluster-stud-earrings-22/iprdt
Gold Interlinked Rings Dangler Earrings,450.00,https://img.faballey.com/Images/Product//1.jpg,https://www.houseofindya.com/gold-interlinked-rings-dangler-earrings-22/iprdt
Gold Handmade Hoop Earrings Set of 3,600.00,https://img.faballey.com/Images/Product//1.jpg,https://www.houseofindya.com/handmade-golden-hoops-in-combo-22/iprdt
Silver Mini Hoop Earrings Set of 4,550.00,https://img.faballey.com/Images/Product//1.jpg,https://www.houseofindya.com/4-minisilver--hoops-in-combo-22/iprdt
Silver Gold Hoop Earrings Set of 3,700.00,https://img.faballey.com/Images/Product//1.jpg,https://www.houseofindya.com/2-silver-hoop-and-1-golden-hoop-combo-22/iprdt
Gold Kundan Bar Pearl Bracelet,550.00,https://img.faballey.com/Images/Product//1.jpg,https://www.houseofindya.com/square-kundan-and-pearl-bracelet-27/iprdt
Gold Black Stone Bracelet,750.00,https://img.faballey.com/Images/Product//1.jpg,https://www.houseofindya.com/gold-blue-stone-bracelet-27/iprdt
Gold Green Floral Chandbali Maang Tika,1050.00,https://img.faballey.com/Images/Product//1.jpg,https://www.houseofindya.com/gold-green-floral-chandbali-maang-tika-32/iprdt
White Blue Floral Diamond Dangler Earrings,1600.00,https://img.faballey.com/Images/Product//1.jpg,https://www.houseofindya.com/white-blue-floral-diamond-dangler-earrings-22/iprdt
Gold Green Oval Cuff Bracelet,700.00,https://img.faballey.com/Images/Product//1.jpg,https://www.houseofindya.com/gold-green-oval-cuff-bracelet-27/iprdt
Gold Turquoise Metallic Tassel Dangler Earrings,550.00,https://img.faballey.com/Images/Product//1.jpg,https://www.houseofindya.com/gold-turquoise-metallic-tassel-dangler-earrings-22/iprdt
GoldRed Beaded Oxidised Hoop Earrings,700.00,https://img.faballey.com/Images/Product//1.jpg,https://www.houseofindya.com/silver-red-beaded-oxidised-hoop-earrings-22/iprdt
Gold Green Kundan Multi Drop Chandbali Earrings,950.00,https://img.faballey.com/Images/Product//1.jpg,https://www.houseofindya.com/kundan-chaandbali-with-multiple-green-drops-22/iprdt
Gold Aqua Druzy Drop Bracelet,700.00,https://img.faballey.com/Images/Product//1.jpg,https://www.houseofindya.com/gold-aqua-druzy-drop-bracelet-27/iprdt
Gold Pearl Drop Circular Dangler Earring,475.00,https://img.faballey.com/Images/Product//1.jpg,https://www.houseofindya.com/dangler-with-oval-shaped-pearl-22/iprdt
Dual Toned Green Stone Oxidised Baali Earrings,700.00,https://img.faballey.com/Images/Product/ZEA00157/1.jpg,https://www.houseofindya.com/dual-toned-green-stone-oxidised-baali-earrings-22/iprdt
Gold Kundan Ivy  Jhumki Earrings,650.00,https://img.faballey.com/Images/Product/ZEA00093/1.jpg,https://www.houseofindya.com/gold-kundan-ivy--jhumki-earrings-22/iprdt
Gold Dome Elongated Drop Earrings,600.00,https://img.faballey.com/Images/Product/ZEA00126/1.jpg,https://www.houseofindya.com/gold-dome-elongated-drop-earrings-22/iprdt
Gold Violet Geometric Stone Earrings,600.00,https://img.faballey.com/Images/Product/ZEA00140/1.jpg,https://www.houseofindya.com/gold-violet-geometric-stone-earrings-22/iprdt
Gold Red Kundan Bead Ivy Crescent Earrings,1100.00,https://img.faballey.com/Images/Product/ZEA00096/1.jpg,https://www.houseofindya.com/gold-red-kundan-bead-ivy-crescent-earrings-22/iprdt
Gold Textured Geometric Dangler Earrings,450.00,https://img.faballey.com/Images/Product/ZEA00136/1.jpg,https://www.houseofindya.com/gold-textured-geometric-dangler-earrings-22/iprdt
Gold Multistone Concentric Earrings,675.00,https://img.faballey.com/Images/Product/ZEA00128/1.jpg,https://www.houseofindya.com/gold-multistone-concentric-earrings-22/iprdt
Multicolor Stone Hoop Earrings,440.00,https://img.faballey.com/Images/Product/IJE00145/1.jpg,https://www.houseofindya.com/multicolor-stone-hoop-earrings-22/iprdt
Gold Toned Textured Cuff Bracelet,950.00,https://img.faballey.com/Images/Product/ZBR00022/1.jpg,https://www.houseofindya.com/gold-toned-textured-cuff-bracelet-27/iprdt
Silver Oxidized Green Stone Star Earring Necklace Set,1750.00,https://img.faballey.com/Images/Product/ZNS00021/1.jpg,https://www.houseofindya.com/silver-oxidized-green-stone-star-earring-necklace-set-290/iprdt
Gold Silver Double Disc Plate Earrings,475.00,https://img.faballey.com/Images/Product/ZEA00113/1.jpg,https://www.houseofindya.com/gold-silver-double-disc-plate-earrings-22/iprdt
Multicolor Stone Studded Hoop Earrings,640.00,https://img.faballey.com/Images/Product/IJE00103/1.jpg,https://www.houseofindya.com/multicolor-stone-studded-hoop-earrings-22/iprdt
Gold Cross Circle Drop Earrings,625.00,https://img.faballey.com/Images/Product/ZEA00131/1.jpg,https://www.houseofindya.com/gold-cross-circle-drop-earrings-22/iprdt
White Green Beaded Quad Kundan Matha Patti,900.00,https://img.faballey.com/Images/Product/ZMT00027/1.jpg,https://www.houseofindya.com/white-green-beaded-quad-kundan-matha-patti-32/iprdt
Gold Mass Pearl Stud Earrings,375.00,https://img.faballey.com/Images/Product/ZEA00116/1.jpg,https://www.houseofindya.com/gold-mass-pearl-stud-earrings-22/iprdt
Gold Plate Swirl Earrings,475.00,https://img.faballey.com/Images/Product/ZEA00130/1.jpg,https://www.houseofindya.com/gold-plate-swirl-earrings-22/iprdt
Gold Matte Geometric Ring Stud Earrings,800.00,https://img.faballey.com/Images/Product/ZEA00143/1.jpg,https://www.houseofindya.com/gold-matte-geometric-ring-stud-earrings-22/iprdt
Gold Toned Hand Hammered Cuff Bracelet,1050.00,https://img.faballey.com/Images/Product/ZBR00021/1.jpg,https://www.houseofindya.com/gold-toned-hand-hammered-cuff-bracelet-27/iprdt
Gold Green Geometric Stone Earrings,600.00,https://img.faballey.com/Images/Product/ZEA00137/1.jpg,https://www.houseofindya.com/gold-green-geometric-stone-earrings-22/iprdt
Gold Kundan Red Bead Maang Tika,1050.00,https://img.faballey.com/Images/Product/ZMT00017/1.jpg,https://www.houseofindya.com/gold-kundan-red-bead-maang-tika-32/iprdt
Gold Circlet Pearl Drop Dangler  Earrings,450.00,https://img.faballey.com/Images/Product/ZEA00135/1.jpg,https://www.houseofindya.com/gold-circlet-pearl-drop-dangler--earrings-22/iprdt
Multicolor Circle Squad Dangler Earrings,700.00,https://img.faballey.com/Images/Product/ZEA00142/1.jpg,https://www.houseofindya.com/multicolor-circle-squad-dangler-earrings-22/iprdt
Dual Toned Droplet Oxidised Earrings,600.00,https://img.faballey.com/Images/Product/ZEA00156/1.jpg,https://www.houseofindya.com/dual-toned-droplet-oxidised-earrings-22/iprdt
Gold Red Kundan Floral Dangler Earrings,800.00,https://img.faballey.com/Images/Product/ZEA00087/1.jpg,https://www.houseofindya.com/gold-red-kundan-floral-dangler-earrings-22/iprdt
Blue Stone Gold Leaf Drop Earrings,480.00,https://img.faballey.com/Images/Product/IJE00125/1.jpg,https://www.houseofindya.com/blue-stone-gold-leaf-drop-earrings-22/iprdt
Silver Geometric Embossed Oxidised Jhumki Earrings,725.00,https://img.faballey.com/Images/Product/ZEA00149/1.jpg,https://www.houseofindya.com/silver-geometric-embossed-oxidised-jhumki-earrings-22/iprdt
Gold Kundan White Bead Cluster Earrings,900.00,https://img.faballey.com/Images/Product/ZEA00108/1.jpg,https://www.houseofindya.com/gold-kundan-white-bead-cluster-earrings-22/iprdt
Gold Blue Square Mesh Earrings,550.00,https://img.faballey.com/Images/Product/ZEA00123/1.jpg,https://www.houseofindya.com/gold-blue-square-mesh-earrings-22/iprdt
Gold Multilayer Tassel Earrings,550.00,https://img.faballey.com/Images/Product/ZEA00114/1.jpg,https://www.houseofindya.com/gold-multilayer-tassel-earrings-22/iprdt
Gold Floral Jhumka Earrings,640.00,https://img.faballey.com/Images/Product/IJE00100/1.jpg,https://www.houseofindya.com/gold-floral-jhumka-earrings-22/iprdt
Gold Circlet Drop Earrings,475.00,https://img.faballey.com/Images/Product/ZEA00115/1.jpg,https://www.houseofindya.com/gold-circlet-drop-earrings-22/iprdt
Gold Floral Column Earrings,640.00,https://img.faballey.com/Images/Product/IJE00093/1.jpg,https://www.houseofindya.com/gold-floral-column-earrings-22/iprdt
Gold Kundan Flower Bead Cluster Stud Earrings,700.00,https://img.faballey.com/Images/Product/ZEA00097/1.jpg,https://www.houseofindya.com/gold-kundan-flower-bead-cluster-stud-earrings-22/iprdt
Gold Multi Canopy Dangler Earrings,550.00,https://img.faballey.com/Images/Product/ZEA00122/1.jpg,https://www.houseofindya.com/gold-multi-canopy-dangler-earrings-22/iprdt
Multicolor Geo Stone Fringe Earring,480.00,https://img.faballey.com/Images/Product/IJE00065/1.jpg,https://www.houseofindya.com/multicolor-geo-stone-fringe-earring-22/iprdt
Multi Shape Stone Earrings,560.00,https://img.faballey.com/Images/Product/IJE00053/1.jpg,https://www.houseofindya.com/multi-shape-stone-earrings-22/iprdt
Gold Red Floral Drop Earrings,680.00,https://img.faballey.com/Images/Product/IJE00080/1.jpg,https://www.houseofindya.com/gold-red-floral-drop-earrings-22/iprdt
Maroon Flower Circular Earrings,720.00,https://img.faballey.com/Images/Product/IJE00034/1.jpg,https://www.houseofindya.com/maroon-flower-circular-earrings-22/iprdt
Multicolor Geo Stone Earrings,600.00,https://img.faballey.com/Images/Product/IJE00088/1.jpg,https://www.houseofindya.com/multicolor-geo-stone-earrings-22/iprdt
Gold Blue Tassel Hammered Dangler Earrings,550.00,https://img.faballey.com/Images/Product//1.jpg,https://www.houseofindya.com/gold-blue-tassel-hammered-dangler-earrings-22/iprdt
Red Green Beaded Kundan Necklace,700.00,https://img.faballey.com/Images/Product//1.jpg,https://www.houseofindya.com/gold-plated-floral-shaped-kundan--necklace-with-green-and-red-beads.-23/iprdt
Gold Textured Tasselled Dangler Earrings,600.00,https://img.faballey.com/Images/Product//1.jpg,https://www.houseofindya.com/gold-textured-tasselled-dangler-earrings-22/iprdt
Gold Kundan Pearl Drop Chand Maang Tika,550.00,https://img.faballey.com/Images/Product//1.jpg,https://www.houseofindya.com/gold-kundan-pearl-drop-chand-maang-tika-22/iprdt
Gold Green Bead Leaf Dangler Earrings,375.00,https://img.faballey.com/Images/Product//1.jpg,https://www.houseofindya.com/gold-green-bead-leaf-dangler-earrings-22/iprdt
Gold Sunburst Pearl Tassel Jhumka Earrings,900.00,https://img.faballey.com/Images/Product//1.jpg,https://www.houseofindya.com/gold-plated-pearl-tassel-jhumka-22/iprdt
Gold Kundan Pearl Layered Dangler Earrings,600.00,https://img.faballey.com/Images/Product//1.jpg,https://www.houseofindya.com/double-layer-chaandbali-22/iprdt
Gold Green Kundan Drop Stone Dangler Earrings,550.00,https://img.faballey.com/Images/Product//1.jpg,https://www.houseofindya.com/gold-green-kundan-drop-stone-dangler-earrings-22/iprdt
Gold Green Kundan Pearl Cluster Chandbali Earrings,600.00,https://img.faballey.com/Images/Product//1.jpg,https://www.houseofindya.com/gold-green-kundan-pearl-cluster-chandbali-earrings-22/iprdt
Dual Gold Kundan Pearl Earring Necklace Set,2000.00,https://img.faballey.com/Images/Product/ZNS00056/1.jpg,https://www.houseofindya.com/dual-gold-kundan-pearl-earring-necklace-set-290/iprdt
Silver Daana Spiked Oxidised Hoop Earrings,600.00,https://img.faballey.com/Images/Product/ZEA00289/1.jpg,https://www.houseofindya.com/silver-daana-spiked-oxidised-hoop-earrings-22/iprdt
White Green Kundan Bead Bracelet,1300.00,https://img.faballey.com/Images/Product/ZBR00049/1.jpg,https://www.houseofindya.com/white-green-kundan-bead-bracelet-27/iprdt
Silver Spikey Tribal Oxidised Hoop Earrings,600.00,https://img.faballey.com/Images/Product/ZEA00271/1.jpg,https://www.houseofindya.com/silver-spikey-tribal-oxidised-hoop-earrings-22/iprdt
Gold Kundan Red Drop Meena Earring Necklace Set,2250.00,https://img.faballey.com/Images/Product/ZNS00054/1.jpg,https://www.houseofindya.com/gold-kundan-red-drop-meena-earring-necklace-set-290/iprdt
Gold Dazzler Multichain Bracelet,800.00,https://img.faballey.com/Images/Product/ZBR00059/1.jpg,https://www.houseofindya.com/gold-dazzler-multichain-bracelet-27/iprdt
Gold Pearl Dangler Earrings,450.00,https://img.faballey.com/Images/Product/ZEA00266/1.jpg,https://www.houseofindya.com/gold-pearl-dangler-earrings-22/iprdt
Silver Half Moon Geomtric Oxidised Hoop Earrings,550.00,https://img.faballey.com/Images/Product/ZEA00294/1.jpg,https://www.houseofindya.com/silver-half-moon-geomtric-oxidised-hoop-earrings-22/iprdt
Gold Ivory Druzy Stack Bracelet,650.00,https://img.faballey.com/Images/Product/ZBR00058/1.jpg,https://www.houseofindya.com/gold-ivory-druzy-stack-bracelet-27/iprdt
Gold Purple Stone Pendant Necklace,700.00,https://img.faballey.com/Images/Product/ZNE00011/1.jpg,https://www.houseofindya.com/gold-blue-stone-pendant-necklace-23/iprdt
Silver Half Moon Oxidised Dangler Earrings,650.00,https://img.faballey.com/Images/Product/ZEA00293/1.jpg,https://www.houseofindya.com/silver-half-moon-oxidised-dangler-earrings-22/iprdt
Gold Orb Kundan Double Pearl Earrings Necklace Set,1750.00,https://img.faballey.com/Images/Product/ZNS00051/1.jpg,https://www.houseofindya.com/gold-orb-kundan-double-pearl-earrings-necklace-set-290/iprdt
Gold Satin Finish Kite Dangler Earrings,600.00,https://img.faballey.com/Images/Product/ZEA00279/1.jpg,https://www.houseofindya.com/gold-satin-finish-kite-dangler-earrings-22/iprdt
Gold Kundan Pearl Earring Necklace Set,2375.00,https://img.faballey.com/Images/Product/ZNS00044/1.jpg,https://www.houseofindya.com/gold-kundan-pearl-earring-necklace-set-290/iprdt
Gold Kundan Dual Pearl Earring Necklace Set,2000.00,https://img.faballey.com/Images/Product/ZNS00052/1.jpg,https://www.houseofindya.com/gold-kundan-dual-pearl-earring-necklace-set-290/iprdt
Gold Kundan Blue Bead Pearl Earring Necklace Set,1750.00,https://img.faballey.com/Images/Product/ZNS00042/1.jpg,https://www.houseofindya.com/gold-kundan-blue-bead-pearl-earring-necklace-set-290/iprdt
Silver S Motif Hoop Earrings,550.00,https://img.faballey.com/Images/Product/ZEA00287/1.jpg,https://www.houseofindya.com/silver-s-motif-hoop-earrings-22/iprdt
Gold Ethnic Floral Dangler Earrings,800.00,https://img.faballey.com/Images/Product/ZEA00208/1.jpg,https://www.houseofindya.com/gold-ethnic-floral-dangler-earrings-22/iprdt
Dual Gold Kundan Green Bead Earring Necklace Set,1750.00,https://img.faballey.com/Images/Product/ZNS00055/1.jpg,https://www.houseofindya.com/dual-gold-kundan-green-bead-earring-necklace-set-290/iprdt
Black Beaded Weave Dangler Earrings,675.00,https://img.faballey.com/Images/Product/ZEA00276/1.jpg,https://www.houseofindya.com/black-beaded-weave-dangler-earrings-22/iprdt
White Blue Diamond Drop String Earring Necklace Set,2875.00,https://img.faballey.com/Images/Product/ZNS00031/1.jpg,https://www.houseofindya.com/white-blue-diamond-drop-string-earring-necklace-set-290/iprdt
Blue Bead Kundan Earring Necklace Set,1750.00,https://img.faballey.com/Images/Product/ZNS00050/1.jpg,https://www.houseofindya.com/blue-bead-kundan-earring-necklace-set-290/iprdt
Gold Mesh Cuff Bracelet,600.00,https://img.faballey.com/Images/Product/ZBR00051/1.jpg,https://www.houseofindya.com/gold-mesh-cuff-bracelet-27/iprdt
Gold Half Moon Satin Stud Earrings,600.00,https://img.faballey.com/Images/Product/ZEA00277/1.jpg,https://www.houseofindya.com/gold-half-moon-satin-stud-earrings-22/iprdt
Gold Kundan Square Bracelet With Green White Delicate Drops,1200.00,https://img.faballey.com/Images/Product/ZBR00046/1.jpg,https://www.houseofindya.com/gold-kundan-square-bracelet-with-green-white-delicate-drops-27/iprdt
Gold Satin Finish Geometric Dangler Earrings,650.00,https://img.faballey.com/Images/Product/ZEA00280/1.jpg,https://www.houseofindya.com/gold-satin-finish-geometric-dangler-earrings-22/iprdt
Gold Kundan Green Bead String Earring Necklace Set,2000.00,https://img.faballey.com/Images/Product/ZNS00049/1.jpg,https://www.houseofindya.com/gold-kundan-green-bead-string-earring-necklace-set-290/iprdt
Gold Kundan Bracelet With Red Green Delicate Drops,1200.00,https://img.faballey.com/Images/Product/ZBR00048/1.jpg,https://www.houseofindya.com/gold-kundan-bracelet-with-red-green-delicate-drops-27/iprdt
Gold Kundan Floral Bloom Earrings,975.00,https://img.faballey.com/Images/Product/ZEA00036/1.jpg,https://www.houseofindya.com/gold-kundan-floral-bloom-earrings-22/iprdt
Gold Multistone Drop Dangler Earrings,650.00,https://img.faballey.com/Images/Product/ZEA00202/1.jpg,https://www.houseofindya.com/gold-multistone-drop-dangler-earrings-22/iprdt
Gold Kundan Delicate Pearl Drop Earrings,1050.00,https://img.faballey.com/Images/Product/ZEA00254/1.jpg,https://www.houseofindya.com/gold-kundan-delicate-pearl-drop-earrings-22/iprdt
Silver Concentric Spiral Oxidised Dangler Earrings,275.00,https://img.faballey.com/Images/Product/ZEA00183/1.jpg,https://www.houseofindya.com/silver-concentric-spiral-oxidised-dangler-earrings-22/iprdt
White Studded Drop Diamond Hoop Earrings,1200.00,https://img.faballey.com/Images/Product/ZEA00226/1.jpg,https://www.houseofindya.com/white-studded-drop-diamond-hoop-earrings-22/iprdt
Gold Textured Delicate Drop Dangler Earrings,475.00,https://img.faballey.com/Images/Product/ZEA00192/1.jpg,https://www.houseofindya.com/gold-textured-delicate-drop-dangler-earrings-22/iprdt
Silver Sleek Concentric Oxidised Dangler Earrings,325.00,https://img.faballey.com/Images/Product/ZEA00199/1.jpg,https://www.houseofindya.com/silver-sleek-concentric-oxidised-dangler-earrings-22/iprdt
White Grape Cluster Diamond Dangler Earrings,975.00,https://img.faballey.com/Images/Product/ZEA00045/1.jpg,https://www.houseofindya.com/white-grape-cluster-diamond-dangler-earrings-22/iprdt
Silver Daana Oxidised Hoop Earrings,425.00,https://img.faballey.com/Images/Product/ZEA00170/1.jpg,https://www.houseofindya.com/silver-daana-oxidised-hoop-earrings-22/iprdt
White Green Diamond Dangler Earrings,950.00,https://img.faballey.com/Images/Product/ZEA00031/1.jpg,https://www.houseofindya.com/white-green-diamond-dangler-earrings-22/iprdt
White Gold Diamond Hoop Earrings,1150.00,https://img.faballey.com/Images/Product/ZEA00227/1.jpg,https://www.houseofindya.com/white-gold-diamond-hoop-earrings-22/iprdt
Gold Blue Linked Dangler Earrings,625.00,https://img.faballey.com/Images/Product/ZEA00186/1.jpg,https://www.houseofindya.com/gold-blue-linked-dangler-earrings-22/iprdt
Gold Druzy Drop Hoop Earrings,600.00,https://img.faballey.com/Images/Product/ZEA00204/1.jpg,https://www.houseofindya.com/gold-druzy-drop-hoop-earrings-22/iprdt
Silver Bar Leaf Drop Oxidised Dangler Earrings,250.00,https://img.faballey.com/Images/Product/ZEA00169/1.jpg,https://www.houseofindya.com/silver-bar-leaf-drop-oxidised-dangler-earrings-22/iprdt
Red Green Kundan Meena Pearl Dangler Earrings,900.00,https://img.faballey.com/Images/Product/ZEA00211/1.jpg,https://www.houseofindya.com/red-green-kundan-meena-pearl-dangler-earrings-22/iprdt
Gold Red Kundan Bead Drop Earrings,1050.00,https://img.faballey.com/Images/Product/ZEA00253/1.jpg,https://www.houseofindya.com/gold-red-kundan-bead-drop-earrings-22/iprdt
White Gold Linked Blue Drop Diamond Earrings,1250.00,https://img.faballey.com/Images/Product/ZEA00233/1.jpg,https://www.houseofindya.com/white-gold-linked-blue-drop-diamond-earrings-22/iprdt
Gold Green Jadau Beaded Circular Dangler Earrings,1200.00,https://img.faballey.com/Images/Product/ZEA00247/1.jpg,https://www.houseofindya.com/gold-green-jadau-beaded-circular-dangler-earrings-22/iprdt
Gold Kundan Moti Floral Earrings,800.00,https://img.faballey.com/Images/Product/ZEA00251/1.jpg,https://www.houseofindya.com/gold-kundan-moti-floral-earrings-22/iprdt
Gold Brown Textured Petal Dangler Earrings,625.00,https://img.faballey.com/Images/Product/ZEA00193/1.jpg,https://www.houseofindya.com/gold-brown-textured-petal-dangler-earrings-22/iprdt
